{    "LSTM": {
        "EVSE": {
            "MAE_W": 6702.67919921875,
            "MSE_W": 287877504.0,
            "R2": 0.4043685793876648,
            "NDE": 1.0228315591812134
        },
        "PV": {
            "MAE_W": 40380.25,
            "MSE_W": 10075150336.0,
            "R2": 0.9027785658836365,
            "NDE": 0.3172459900379181
        },
        "CS": {
            "MAE_W": 21824.541015625,
            "MSE_W": 3109002752.0,
            "R2": 0.7550167441368103,
            "NDE": 0.3355320394039154
        },
        "CHP": {
            "MAE_W": 41881.98828125,
            "MSE_W": 4393645056.0,
            "R2": 0.9484628438949585,
            "NDE": 0.26221975684165955
        },
        "BA": {
            "MAE_W": 39301.40625,
            "MSE_W": 3642262784.0,
            "R2": 0.943115234375,
            "NDE": 0.13516943156719208
        }
    },
    "BiLSTM": {
        "EVSE": {
            "MAE_W": 1323.81787109375,
            "MSE_W": 22035170.0,
            "R2": 0.9544082283973694,
            "NDE": 0.20201514661312103
        },
        "PV": {
            "MAE_W": 20793.71484375,
            "MSE_W": 3591578624.0,
            "R2": 0.9653425812721252,
            "NDE": 0.16336506605148315
        },
        "CS": {
            "MAE_W": 15981.11328125,
            "MSE_W": 2881373952.0,
            "R2": 0.772953450679779,
            "NDE": 0.24569475650787354
        },
        "CHP": {
            "MAE_W": 32674.9375,
            "MSE_W": 3085353472.0,
            "R2": 0.9638090133666992,
            "NDE": 0.20457516610622406
        },
        "BA": {
            "MAE_W": 30218.83984375,
            "MSE_W": 2637916672.0,
            "R2": 0.9588010907173157,
            "NDE": 0.1039317399263382
        }
    },
    "TCN": {
        "EVSE": {
            "MAE_W": 3090.511474609375,
            "MSE_W": 62644148.0,
            "R2": 0.8703864812850952,
            "NDE": 0.4716133177280426
        },
        "PV": {
            "MAE_W": 24861.876953125,
            "MSE_W": 3318391552.0,
            "R2": 0.9679787755012512,
            "NDE": 0.19532643258571625
        },
        "CS": {
            "MAE_W": 18150.88671875,
            "MSE_W": 1850165120.0,
            "R2": 0.8542106747627258,
            "NDE": 0.2790530025959015
        },
        "CHP": {
            "MAE_W": 30228.18359375,
            "MSE_W": 2395467008.0,
            "R2": 0.9719013571739197,
            "NDE": 0.1892562210559845
        },
        "BA": {
            "MAE_W": 33945.65625,
            "MSE_W": 3082978304.0,
            "R2": 0.9518501162528992,
            "NDE": 0.11674939095973969
        }
    },
    "ATCN": {
        "EVSE": {
            "MAE_W": 3296.955078125,
            "MSE_W": 54017832.0,
            "R2": 0.8882347345352173,
            "NDE": 0.5031166672706604
        },
        "PV": {
            "MAE_W": 21577.76171875,
            "MSE_W": 1994393600.0,
            "R2": 0.9807548522949219,
            "NDE": 0.1695249080657959
        },
        "CS": {
            "MAE_W": 16551.984375,
            "MSE_W": 1667214592.0,
            "R2": 0.8686268329620361,
            "NDE": 0.25447139143943787
        },
        "CHP": {
            "MAE_W": 24407.5625,
            "MSE_W": 1541864832.0,
            "R2": 0.9819140434265137,
            "NDE": 0.15281377732753754
        },
        "BA": {
            "MAE_W": 32979.6953125,
            "MSE_W": 2741390592.0,
            "R2": 0.9571850299835205,
            "NDE": 0.11342715471982956
        }
    }
}